id,label
img_0.jpeg,1
img_1.jpeg,1
img_2.jpeg,1
img_3.jpeg,1
img_4.jpeg,1
img_5.jpeg,1
img_6.jpeg,1
img_7.jpeg,1
img_8.jpeg,1
img_9.jpeg,1
img_10.jpeg,1
img_11.jpeg,1
img_12.jpeg,1
img_13.jpeg,1
img_14.jpeg,1
img_15.jpeg,1
img_16.jpeg,1
img_17.jpeg,1
img_18.jpeg,1
img_19.jpeg,1
img_20.jpeg,1
img_21.jpeg,1
img_22.jpeg,1
img_23.jpeg,1
img_24.jpeg,1
img_25.jpeg,1
img_26.jpeg,1
img_27.jpeg,1
img_28.jpeg,1
img_29.jpeg,1
img_30.jpeg,1
img_31.jpeg,1
img_32.jpeg,1
img_33.jpeg,1
img_34.jpeg,1
img_35.jpeg,1
img_36.jpeg,1
img_37.jpeg,1
img_38.jpeg,1
img_39.jpeg,1
img_40.jpeg,1
img_41.jpeg,1
img_42.jpeg,1
img_43.jpeg,1
img_44.jpeg,1
img_45.jpeg,1
img_46.jpeg,1
img_47.jpeg,1
img_48.jpeg,1
img_49.jpeg,1
img_50.jpeg,1
img_51.jpeg,1
img_52.jpeg,1
img_53.jpeg,1
img_54.jpeg,1
img_55.jpeg,1
img_56.jpeg,1
img_57.jpeg,1
img_58.jpeg,1
img_59.jpeg,1
img_60.jpeg,1
img_61.jpeg,1
img_62.jpeg,1
img_63.jpeg,1
img_64.jpeg,1
img_65.jpeg,1
img_66.jpeg,1
img_67.jpeg,1
img_68.jpeg,1
img_69.jpeg,1
img_70.jpeg,1
img_71.jpeg,1
img_72.jpeg,1
img_73.jpeg,1
img_74.jpeg,1
img_75.jpeg,1
img_76.jpeg,1
img_77.jpeg,1
img_78.jpeg,1
img_79.jpeg,1
img_80.jpeg,1
img_81.jpeg,1
img_82.jpeg,1
img_83.jpeg,1
img_84.jpeg,1
img_85.jpeg,1
img_86.jpeg,1
img_87.jpeg,1
img_88.jpeg,1
img_89.jpeg,1
img_90.jpeg,1
img_91.jpeg,1
img_92.jpeg,1
img_93.jpeg,1
img_94.jpeg,1
img_95.jpeg,1
img_96.jpeg,1
img_97.jpeg,1
img_98.jpeg,1
img_99.jpeg,1
img_100.jpeg,1
img_101.jpeg,1
img_102.jpeg,1
img_103.jpeg,1
img_104.jpeg,1
img_105.jpeg,1
img_106.jpeg,1
img_107.jpeg,1
img_108.jpeg,1
img_109.jpeg,1
img_110.jpeg,1
img_111.jpeg,1
img_112.jpeg,1
img_113.jpeg,1
img_114.jpeg,1
img_115.jpeg,1
img_116.jpeg,1
img_117.jpeg,1
img_118.jpeg,1
img_119.jpeg,1
img_120.jpeg,1
img_121.jpeg,1
img_122.jpeg,1
img_123.jpeg,1
img_124.jpeg,1
img_125.jpeg,1
img_126.jpeg,1
img_127.jpeg,1
img_128.jpeg,1
img_129.jpeg,1
img_130.jpeg,1
img_131.jpeg,1
img_132.jpeg,1
img_133.jpeg,1
img_134.jpeg,1
img_135.jpeg,1
img_136.jpeg,1
img_137.jpeg,1
img_138.jpeg,1
img_139.jpeg,1
img_140.jpeg,1
img_141.jpeg,1
img_142.jpeg,1
img_143.jpeg,1
img_144.jpeg,1
img_145.jpeg,1
img_146.jpeg,1
img_147.jpeg,1
img_148.jpeg,1
img_149.jpeg,1
img_150.jpeg,1
img_151.jpeg,1
img_152.jpeg,1
img_153.jpeg,1
img_154.jpeg,1
img_155.jpeg,1
img_156.jpeg,1
img_157.jpeg,1
img_158.jpeg,1
img_159.jpeg,1
img_160.jpeg,1
img_161.jpeg,1
img_162.jpeg,1
img_163.jpeg,1
img_164.jpeg,1
img_165.jpeg,1
img_166.jpeg,1
img_167.jpeg,1
img_168.jpeg,1
img_169.jpeg,1
img_170.jpeg,1
img_171.jpeg,1
img_172.jpeg,1
img_173.jpeg,1
img_174.jpeg,1
img_175.jpeg,1
img_176.jpeg,1
img_177.jpeg,1
img_178.jpeg,1
img_179.jpeg,1
img_180.jpeg,1
img_181.jpeg,1
img_182.jpeg,1
img_183.jpeg,1
img_184.jpeg,1
img_185.jpeg,1
img_186.jpeg,1
img_187.jpeg,1
img_188.jpeg,1
img_189.jpeg,1
img_190.jpeg,1
img_191.jpeg,1
img_192.jpeg,1
img_193.jpeg,1
img_194.jpeg,1
img_195.jpeg,1
img_196.jpeg,1
img_197.jpeg,1
img_198.jpeg,1
img_199.jpeg,1
img_200.jpeg,1
img_201.jpeg,1
img_202.jpeg,1
img_203.jpeg,1
img_204.jpeg,1
img_205.jpeg,1
img_206.jpeg,1
img_207.jpeg,1
img_208.jpeg,1
img_209.jpeg,1
img_210.jpeg,1
img_211.jpeg,1
img_212.jpeg,1
img_213.jpeg,1
img_214.jpeg,1
img_215.jpeg,1
img_216.jpeg,1
img_217.jpeg,1
img_218.jpeg,1
img_219.jpeg,1
img_220.jpeg,1
img_221.jpeg,1
img_222.jpeg,1
img_223.jpeg,1
img_224.jpeg,1
img_225.jpeg,1
img_226.jpeg,1
img_227.jpeg,1
img_228.jpeg,1
img_229.jpeg,1
img_230.jpeg,1
img_231.jpeg,1
img_232.jpeg,1
img_233.jpeg,1
img_234.jpeg,1
img_235.jpeg,1
img_236.jpeg,1
img_237.jpeg,1
img_238.jpeg,1
img_239.jpeg,1
img_240.jpeg,1
img_241.jpeg,1
img_242.jpeg,1
img_243.jpeg,1
img_244.jpeg,1
img_245.jpeg,1
img_246.jpeg,1
img_247.jpeg,1
img_248.jpeg,1
img_249.jpeg,1
img_250.jpeg,1
img_251.jpeg,1
img_252.jpeg,1
img_253.jpeg,1
img_254.jpeg,1
img_255.jpeg,1
img_256.jpeg,1
img_257.jpeg,1
img_258.jpeg,1
img_259.jpeg,1
img_260.jpeg,1
img_261.jpeg,1
img_262.jpeg,1
img_263.jpeg,1
img_264.jpeg,1
img_265.jpeg,1
img_266.jpeg,1
img_267.jpeg,1
img_268.jpeg,1
img_269.jpeg,1
img_270.jpeg,1
img_271.jpeg,1
img_272.jpeg,1
img_273.jpeg,1
img_274.jpeg,1
img_275.jpeg,1
img_276.jpeg,1
img_277.jpeg,1
img_278.jpeg,1
img_279.jpeg,1
img_280.jpeg,1
img_281.jpeg,1
img_282.jpeg,1
img_283.jpeg,1
img_284.jpeg,1
img_285.jpeg,1
img_286.jpeg,1
img_287.jpeg,1
img_288.jpeg,1
img_289.jpeg,1
img_290.jpeg,1
img_291.jpeg,1
img_292.jpeg,1
img_293.jpeg,1
img_294.jpeg,1
img_295.jpeg,1
img_296.jpeg,1
img_297.jpeg,1
img_298.jpeg,1
img_299.jpeg,1
img_300.jpeg,1
img_301.jpeg,1
img_302.jpeg,1
img_303.jpeg,1
img_304.jpeg,1
img_305.jpeg,1
img_306.jpeg,1
img_307.jpeg,1
img_308.jpeg,1
img_309.jpeg,1
img_310.jpeg,1
img_311.jpeg,1
img_312.jpeg,1
img_313.jpeg,1
img_314.jpeg,1
img_315.jpeg,1
img_316.jpeg,1
img_317.jpeg,1
img_318.jpeg,1
img_319.jpeg,1
img_320.jpeg,1
img_321.jpeg,1
img_322.jpeg,1
img_323.jpeg,1
img_324.jpeg,1
img_325.jpeg,1
img_326.jpeg,1
img_327.jpeg,1
img_328.jpeg,1
img_329.jpeg,1
img_330.jpeg,1
img_331.jpeg,1
img_332.jpeg,1
img_333.jpeg,1
img_334.jpeg,1
img_335.jpeg,1
img_336.jpeg,1
img_337.jpeg,1
img_338.jpeg,1
img_339.jpeg,1
img_340.jpeg,1
img_341.jpeg,1
img_342.jpeg,1
img_343.jpeg,1
img_344.jpeg,1
img_345.jpeg,1
img_346.jpeg,1
img_347.jpeg,1
img_348.jpeg,1
img_349.jpeg,1
img_350.jpeg,1
img_351.jpeg,1
img_352.jpeg,1
img_353.jpeg,1
img_354.jpeg,1
img_355.jpeg,1
img_356.jpeg,1
img_357.jpeg,1
img_358.jpeg,1
img_359.jpeg,1
img_360.jpeg,1
img_361.jpeg,1
img_362.jpeg,1
img_363.jpeg,1
img_364.jpeg,1
img_365.jpeg,1
img_366.jpeg,1
img_367.jpeg,1
img_368.jpeg,1
img_369.jpeg,1
img_370.jpeg,1
img_371.jpeg,1
img_372.jpeg,1
img_373.jpeg,1
img_374.jpeg,1
img_375.jpeg,1
img_376.jpeg,1
img_377.jpeg,1
img_378.jpeg,1
img_379.jpeg,1
img_380.jpeg,1
img_381.jpeg,1
img_382.jpeg,1
img_383.jpeg,1
img_384.jpeg,1
img_385.jpeg,1
img_386.jpeg,1
img_387.jpeg,1
img_388.jpeg,1
img_389.jpeg,1
img_390.jpeg,1
img_391.jpeg,1
img_392.jpeg,1
img_393.jpeg,1
img_394.jpeg,1
img_395.jpeg,1
img_396.jpeg,1
img_397.jpeg,1
img_398.jpeg,1
img_399.jpeg,1
img_400.jpeg,1
img_401.jpeg,1
img_402.jpeg,1
img_403.jpeg,1
img_404.jpeg,1
img_405.jpeg,1
img_406.jpeg,1
img_407.jpeg,1
img_408.jpeg,1
img_409.jpeg,1
img_410.jpeg,1
img_411.jpeg,1
img_412.jpeg,1
img_413.jpeg,1
img_414.jpeg,1
img_415.jpeg,1
img_416.jpeg,1
img_417.jpeg,1
img_418.jpeg,1
img_419.jpeg,1
img_420.jpeg,1
img_421.jpeg,1
img_422.jpeg,1
img_423.jpeg,1
img_424.jpeg,1
img_425.jpeg,1
img_426.jpeg,1
img_427.jpeg,1
img_428.jpeg,1
img_429.jpeg,1
img_430.jpeg,1
img_431.jpeg,1
img_432.jpeg,1
img_433.jpeg,1
img_434.jpeg,1
img_435.jpeg,1
img_436.jpeg,1
img_437.jpeg,1
img_438.jpeg,1
img_439.jpeg,1
img_440.jpeg,1
img_441.jpeg,1
img_442.jpeg,1
img_443.jpeg,1
img_444.jpeg,1
img_445.jpeg,1
img_446.jpeg,1
img_447.jpeg,1
img_448.jpeg,1
img_449.jpeg,1
img_450.jpeg,1
img_451.jpeg,1
img_452.jpeg,1
img_453.jpeg,1
img_454.jpeg,1
img_455.jpeg,1
img_456.jpeg,1
img_457.jpeg,1
img_458.jpeg,1
img_459.jpeg,1
img_460.jpeg,1
img_461.jpeg,1
img_462.jpeg,1
img_463.jpeg,1
img_464.jpeg,1
img_465.jpeg,1
img_466.jpeg,1
img_467.jpeg,1
img_468.jpeg,1
img_469.jpeg,1
img_470.jpeg,1
img_471.jpeg,1
img_472.jpeg,1
img_473.jpeg,1
img_474.jpeg,1
img_475.jpeg,1
img_476.jpeg,1
img_477.jpeg,1
img_478.jpeg,1
img_479.jpeg,1
img_480.jpeg,1
img_481.jpeg,1
img_482.jpeg,1
img_483.jpeg,1
img_484.jpeg,1
img_485.jpeg,1
img_486.jpeg,1
img_487.jpeg,1
img_488.jpeg,1
img_489.jpeg,1
img_490.jpeg,1
img_491.jpeg,1
img_492.jpeg,1
img_493.jpeg,1
img_494.jpeg,1
img_495.jpeg,1
img_496.jpeg,1
img_497.jpeg,1
img_498.jpeg,1
img_499.jpeg,1
img_500.jpeg,1
img_501.jpeg,1
img_502.jpeg,1
img_503.jpeg,1
img_504.jpeg,1
img_505.jpeg,1
img_506.jpeg,1
img_507.jpeg,1
img_508.jpeg,1
img_509.jpeg,1
img_510.jpeg,1
img_511.jpeg,1
img_512.jpeg,1
img_513.jpeg,1
img_514.jpeg,1
img_515.jpeg,1
img_516.jpeg,1
img_517.jpeg,1
img_518.jpeg,1
img_519.jpeg,1
img_520.jpeg,1
img_521.jpeg,1
img_522.jpeg,1
img_523.jpeg,1
img_524.jpeg,1
img_525.jpeg,1
img_526.jpeg,1
img_527.jpeg,1
img_528.jpeg,1
img_529.jpeg,1
img_530.jpeg,1
img_531.jpeg,1
img_532.jpeg,1
img_533.jpeg,1
img_534.jpeg,1
img_535.jpeg,1
img_536.jpeg,1
img_537.jpeg,1
img_538.jpeg,1
img_539.jpeg,1
img_540.jpeg,1
img_541.jpeg,1
img_542.jpeg,1
img_543.jpeg,1
img_544.jpeg,1
img_545.jpeg,1
img_546.jpeg,1
img_547.jpeg,1
img_548.jpeg,1
img_549.jpeg,1
img_550.jpeg,1
img_551.jpeg,1
img_552.jpeg,1
img_553.jpeg,1
img_554.jpeg,1
img_555.jpeg,1
img_556.jpeg,1
img_557.jpeg,1
img_558.jpeg,1
img_559.jpeg,1
img_560.jpeg,1
img_561.jpeg,1
img_562.jpeg,1
img_563.jpeg,1
img_564.jpeg,1
img_565.jpeg,1
img_566.jpeg,1
img_567.jpeg,1
img_568.jpeg,1
img_569.jpeg,1
img_570.jpeg,1
img_571.jpeg,1
img_572.jpeg,1
img_573.jpeg,1
img_574.jpeg,1
img_575.jpeg,1
img_576.jpeg,1
img_577.jpeg,1
img_578.jpeg,1
img_579.jpeg,1
img_580.jpeg,1
img_581.jpeg,1
img_582.jpeg,1
img_583.jpeg,1
img_584.jpeg,1
img_585.jpeg,1
img_586.jpeg,1
img_587.jpeg,1
img_588.jpeg,1
img_589.jpeg,1
img_590.jpeg,1
img_591.jpeg,1
img_592.jpeg,1
img_593.jpeg,1
img_594.jpeg,1
img_595.jpeg,1
img_596.jpeg,1
img_597.jpeg,1
img_598.jpeg,1
img_599.jpeg,1
img_600.jpeg,1
img_601.jpeg,1
img_602.jpeg,1
img_603.jpeg,1
img_604.jpeg,1
img_605.jpeg,1
img_606.jpeg,1
img_607.jpeg,1
img_608.jpeg,1
img_609.jpeg,1
img_610.jpeg,1
img_611.jpeg,1
img_612.jpeg,1
img_613.jpeg,1
img_614.jpeg,1
img_615.jpeg,1
img_616.jpeg,1
img_617.jpeg,1
img_618.jpeg,1
img_619.jpeg,1
img_620.jpeg,1
img_621.jpeg,1
img_622.jpeg,1
img_623.jpeg,1
img_624.jpeg,1
img_625.jpeg,1
img_626.jpeg,1
img_627.jpeg,1
img_628.jpeg,1
img_629.jpeg,1
img_630.jpeg,1
img_631.jpeg,1
img_632.jpeg,1
img_633.jpeg,1
img_634.jpeg,1
img_635.jpeg,1
img_636.jpeg,1
img_637.jpeg,1
img_638.jpeg,1
img_639.jpeg,1
img_640.jpeg,1
img_641.jpeg,1
img_642.jpeg,1
img_643.jpeg,1
img_644.jpeg,1
img_645.jpeg,1
img_646.jpeg,1
img_647.jpeg,1
img_648.jpeg,1
img_649.jpeg,1
img_650.jpeg,1
img_651.jpeg,1
img_652.jpeg,1
img_653.jpeg,1
img_654.jpeg,1
img_655.jpeg,1
img_656.jpeg,1
img_657.jpeg,1
img_658.jpeg,1
img_659.jpeg,1
img_660.jpeg,1
img_661.jpeg,1
img_662.jpeg,1
img_663.jpeg,1
img_664.jpeg,1
img_665.jpeg,1
img_666.jpeg,1
img_667.jpeg,1
img_668.jpeg,1
img_669.jpeg,1
img_670.jpeg,1
img_671.jpeg,1
img_672.jpeg,1
img_673.jpeg,1
img_674.jpeg,1
img_675.jpeg,1
img_676.jpeg,1
img_677.jpeg,1
img_678.jpeg,1
img_679.jpeg,1
img_680.jpeg,1
img_681.jpeg,1
img_682.jpeg,1
img_683.jpeg,1
img_684.jpeg,1
img_685.jpeg,1
img_686.jpeg,1
img_687.jpeg,1
img_688.jpeg,1
img_689.jpeg,1
img_690.jpeg,1
img_691.jpeg,1
img_692.jpeg,1
img_693.jpeg,1
img_694.jpeg,1
img_695.jpeg,1
img_696.jpeg,1
img_697.jpeg,1
img_698.jpeg,1
img_699.jpeg,1
img_700.jpeg,1
img_701.jpeg,1
img_702.jpeg,1
img_703.jpeg,1
img_704.jpeg,1
img_705.jpeg,1
img_706.jpeg,1
img_707.jpeg,1
img_708.jpeg,1
img_709.jpeg,1
img_710.jpeg,1
img_711.jpeg,1
img_712.jpeg,1
img_713.jpeg,1
img_714.jpeg,1
img_715.jpeg,1
img_716.jpeg,1
img_717.jpeg,1
img_718.jpeg,1
img_719.jpeg,1
img_720.jpeg,1
img_721.jpeg,1
img_722.jpeg,1
img_723.jpeg,1
img_724.jpeg,1
img_725.jpeg,1
img_726.jpeg,1
img_727.jpeg,1
img_728.jpeg,1
img_729.jpeg,1
img_730.jpeg,1
img_731.jpeg,1
img_732.jpeg,1
img_733.jpeg,1
img_734.jpeg,1
img_735.jpeg,1
img_736.jpeg,1
img_737.jpeg,1
img_738.jpeg,1
img_739.jpeg,1
img_740.jpeg,1
img_741.jpeg,1
img_742.jpeg,1
img_743.jpeg,1
img_744.jpeg,1
img_745.jpeg,1
img_746.jpeg,1
img_747.jpeg,1
img_748.jpeg,1
img_749.jpeg,1
img_750.jpeg,1
img_751.jpeg,1
img_752.jpeg,1
img_753.jpeg,0
img_754.jpeg,0
img_755.jpeg,0
img_756.jpeg,0
img_757.jpeg,0
img_758.jpeg,0
img_759.jpeg,0
img_760.jpeg,0
img_761.jpeg,0
img_762.jpeg,0
img_763.jpeg,0
img_764.jpeg,0
img_765.jpeg,0
img_766.jpeg,0
img_767.jpeg,0
img_768.jpeg,0
img_769.jpeg,0
img_770.jpeg,0
img_771.jpeg,0
img_772.jpeg,0
img_773.jpeg,0
img_774.jpeg,0
img_775.jpeg,0
img_776.jpeg,0
img_777.jpeg,0
img_778.jpeg,0
img_779.jpeg,0
img_780.jpeg,0
img_781.jpeg,0
img_782.jpeg,0
img_783.jpeg,0
img_784.jpeg,0
img_785.jpeg,0
img_786.jpeg,0
img_787.jpeg,0
img_788.jpeg,0
img_789.jpeg,0
img_790.jpeg,0
img_791.jpeg,0
img_792.jpeg,0
img_793.jpeg,0
img_794.jpeg,0
img_795.jpeg,0
img_796.jpeg,0
img_797.jpeg,0
img_798.jpeg,0
img_799.jpeg,0
img_800.jpeg,0
img_801.jpeg,0
img_802.jpeg,0
img_803.jpeg,0
img_804.jpeg,0
img_805.jpeg,0
img_806.jpeg,0
img_807.jpeg,0
img_808.jpeg,0
img_809.jpeg,0
img_810.jpeg,0
img_811.jpeg,0
img_812.jpeg,0
img_813.jpeg,0
img_814.jpeg,0
img_815.jpeg,0
img_816.jpeg,0
img_817.jpeg,0
img_818.jpeg,0
img_819.jpeg,0
img_820.jpeg,0
img_821.jpeg,0
img_822.jpeg,0
img_823.jpeg,0
img_824.jpeg,0
img_825.jpeg,0
img_826.jpeg,0
img_827.jpeg,0
img_828.jpeg,0
img_829.jpeg,0
img_830.jpeg,0
img_831.jpeg,0
img_832.jpeg,0
img_833.jpeg,0
img_834.jpeg,0
img_835.jpeg,0
img_836.jpeg,0
img_837.jpeg,0
img_838.jpeg,0
img_839.jpeg,0
img_840.jpeg,0
img_841.jpeg,0
img_842.jpeg,0
img_843.jpeg,0
img_844.jpeg,0
img_845.jpeg,0
img_846.jpeg,0
img_847.jpeg,0
img_848.jpeg,0
img_849.jpeg,0
img_850.jpeg,0
img_851.jpeg,0
img_852.jpeg,0
img_853.jpeg,0
img_854.jpeg,0
img_855.jpeg,0
img_856.jpeg,0
img_857.jpeg,0
img_858.jpeg,0
img_859.jpeg,0
img_860.jpeg,0
img_861.jpeg,0
img_862.jpeg,0
img_863.jpeg,0
img_864.jpeg,0
img_865.jpeg,0
img_866.jpeg,0
img_867.jpeg,0
img_868.jpeg,0
img_869.jpeg,0
img_870.jpeg,0
img_871.jpeg,0
img_872.jpeg,0
img_873.jpeg,0
img_874.jpeg,0
img_875.jpeg,0
img_876.jpeg,0
img_877.jpeg,0
img_878.jpeg,0
img_879.jpeg,0
img_880.jpeg,0
img_881.jpeg,0
img_882.jpeg,0
img_883.jpeg,0
img_884.jpeg,0
img_885.jpeg,0
img_886.jpeg,0
img_887.jpeg,0
img_888.jpeg,0
img_889.jpeg,0
img_890.jpeg,0
img_891.jpeg,0
img_892.jpeg,0
img_893.jpeg,0
img_894.jpeg,0
img_895.jpeg,0
img_896.jpeg,0
img_897.jpeg,0
img_898.jpeg,0
img_899.jpeg,0
img_900.jpeg,0
img_901.jpeg,0
img_902.jpeg,0
img_903.jpeg,0
img_904.jpeg,0
img_905.jpeg,0
img_906.jpeg,0
img_907.jpeg,0
img_908.jpeg,0
img_909.jpeg,0
img_910.jpeg,0
img_911.jpeg,0
img_912.jpeg,0
img_913.jpeg,0
img_914.jpeg,0
img_915.jpeg,0
img_916.jpeg,0
img_917.jpeg,0
img_918.jpeg,0
img_919.jpeg,0
img_920.jpeg,0
img_921.jpeg,0
img_922.jpeg,0
img_923.jpeg,0
img_924.jpeg,0
img_925.jpeg,0
img_926.jpeg,0
img_927.jpeg,0
img_928.jpeg,0
img_929.jpeg,0
img_930.jpeg,0
img_931.jpeg,0
img_932.jpeg,0
img_933.jpeg,0
img_934.jpeg,0
img_935.jpeg,0
img_936.jpeg,0
img_937.jpeg,0
img_938.jpeg,0
img_939.jpeg,0
img_940.jpeg,0
img_941.jpeg,0
img_942.jpeg,0
img_943.jpeg,0
img_944.jpeg,0
img_945.jpeg,0
img_946.jpeg,0
img_947.jpeg,0
img_948.jpeg,0
img_949.jpeg,0
img_950.jpeg,0
img_951.jpeg,0
img_952.jpeg,0
img_953.jpeg,0
img_954.jpeg,0
img_955.jpeg,0
img_956.jpeg,0
img_957.jpeg,0
img_958.jpeg,0
img_959.jpeg,0
img_960.jpeg,0
img_961.jpeg,0
img_962.jpeg,0
img_963.jpeg,0
img_964.jpeg,0
img_965.jpeg,0
img_966.jpeg,0
img_967.jpeg,0
img_968.jpeg,0
img_969.jpeg,0
img_970.jpeg,0
img_971.jpeg,0
img_972.jpeg,0
img_973.jpeg,0
img_974.jpeg,0
img_975.jpeg,0
img_976.jpeg,0
img_977.jpeg,0
img_978.jpeg,0
img_979.jpeg,0
img_980.jpeg,0
img_981.jpeg,0
img_982.jpeg,0
img_983.jpeg,0
img_984.jpeg,0
img_985.jpeg,0
img_986.jpeg,0
img_987.jpeg,0
img_988.jpeg,0
img_989.jpeg,0
img_990.jpeg,0
img_991.jpeg,0
img_992.jpeg,0
img_993.jpeg,0
img_994.jpeg,0
img_995.jpeg,0
img_996.jpeg,0
img_997.jpeg,0
img_998.jpeg,0
img_999.jpeg,0
img_1000.jpeg,0
img_1001.jpeg,0
img_1002.jpeg,0
img_1003.jpeg,0
img_1004.jpeg,0
img_1005.jpeg,0
img_1006.jpeg,0
img_1007.jpeg,0
img_1008.jpeg,0
img_1009.jpeg,0
img_1010.jpeg,0
img_1011.jpeg,0
img_1012.jpeg,0
img_1013.jpeg,0
img_1014.jpeg,0
img_1015.jpeg,0
img_1016.jpeg,0
img_1017.jpeg,0
img_1018.jpeg,0
img_1019.jpeg,0
img_1020.jpeg,0
img_1021.jpeg,0
img_1022.jpeg,0
img_1023.jpeg,0
img_1024.jpeg,0
img_1025.jpeg,0
img_1026.jpeg,0
img_1027.jpeg,0
img_1028.jpeg,0
img_1029.jpeg,0
img_1030.jpeg,0
img_1031.jpeg,0
img_1032.jpeg,0
img_1033.jpeg,0
img_1034.jpeg,0
img_1035.jpeg,0
img_1036.jpeg,0
img_1037.jpeg,0
img_1038.jpeg,0
img_1039.jpeg,0
img_1040.jpeg,0
img_1041.jpeg,0
img_1042.jpeg,0
img_1043.jpeg,0
img_1044.jpeg,0
img_1045.jpeg,0
img_1046.jpeg,0
img_1047.jpeg,0
img_1048.jpeg,0
img_1049.jpeg,0
img_1050.jpeg,0
img_1051.jpeg,0
img_1052.jpeg,0
img_1053.jpeg,0
img_1054.jpeg,0
img_1055.jpeg,0
img_1056.jpeg,0
img_1057.jpeg,0
img_1058.jpeg,0
img_1059.jpeg,0
img_1060.jpeg,0
img_1061.jpeg,0
img_1062.jpeg,0
img_1063.jpeg,0
img_1064.jpeg,0
img_1065.jpeg,0
img_1066.jpeg,0
img_1067.jpeg,0
img_1068.jpeg,0
img_1069.jpeg,0
img_1070.jpeg,0
img_1071.jpeg,0
img_1072.jpeg,0
img_1073.jpeg,0
img_1074.jpeg,0
img_1075.jpeg,0
img_1076.jpeg,0
img_1077.jpeg,0
img_1078.jpeg,0
img_1079.jpeg,0
img_1080.jpeg,0
img_1081.jpeg,0
img_1082.jpeg,0
img_1083.jpeg,0
img_1084.jpeg,0
img_1085.jpeg,0
img_1086.jpeg,0
img_1087.jpeg,0
img_1088.jpeg,0
img_1089.jpeg,0
img_1090.jpeg,0
img_1091.jpeg,0
img_1092.jpeg,0
img_1093.jpeg,0
img_1094.jpeg,0
img_1095.jpeg,0
img_1096.jpeg,0
img_1097.jpeg,0
img_1098.jpeg,0
img_1099.jpeg,0
img_1100.jpeg,0
img_1101.jpeg,0
img_1102.jpeg,0
img_1103.jpeg,0
img_1104.jpeg,0
img_1105.jpeg,0
img_1106.jpeg,0
img_1107.jpeg,0
img_1108.jpeg,0
img_1109.jpeg,0
img_1110.jpeg,0
img_1111.jpeg,0
img_1112.jpeg,0
img_1113.jpeg,0
img_1114.jpeg,0
img_1115.jpeg,0
img_1116.jpeg,0
img_1117.jpeg,0
img_1118.jpeg,0
img_1119.jpeg,0
img_1120.jpeg,0
img_1121.jpeg,0
img_1122.jpeg,0
img_1123.jpeg,0
img_1124.jpeg,0
img_1125.jpeg,0
img_1126.jpeg,0
img_1127.jpeg,0
img_1128.jpeg,0
img_1129.jpeg,0
img_1130.jpeg,0
img_1131.jpeg,0
img_1132.jpeg,0
img_1133.jpeg,0
img_1134.jpeg,0
img_1135.jpeg,0
img_1136.jpeg,0
img_1137.jpeg,0
img_1138.jpeg,0
img_1139.jpeg,0
img_1140.jpeg,0
img_1141.jpeg,0
img_1142.jpeg,0
img_1143.jpeg,0
img_1144.jpeg,0
img_1145.jpeg,0
img_1146.jpeg,0
img_1147.jpeg,0
img_1148.jpeg,0
img_1149.jpeg,0
img_1150.jpeg,0
img_1151.jpeg,0
img_1152.jpeg,0
img_1153.jpeg,0
img_1154.jpeg,0
img_1155.jpeg,0
img_1156.jpeg,0
img_1157.jpeg,0
img_1158.jpeg,0
img_1159.jpeg,0
img_1160.jpeg,0
img_1161.jpeg,0
img_1162.jpeg,0
img_1163.jpeg,0
img_1164.jpeg,0
img_1165.jpeg,0
img_1166.jpeg,0
img_1167.jpeg,0
img_1168.jpeg,0
img_1169.jpeg,0
img_1170.jpeg,0
img_1171.jpeg,0
img_1172.jpeg,0
img_1173.jpeg,0
img_1174.jpeg,0
img_1175.jpeg,0
img_1176.jpeg,0
img_1177.jpeg,0
img_1178.jpeg,0
img_1179.jpeg,0
img_1180.jpeg,0
img_1181.jpeg,0
img_1182.jpeg,0
img_1183.jpeg,0
img_1184.jpeg,0
img_1185.jpeg,0
img_1186.jpeg,0
img_1187.jpeg,0
img_1188.jpeg,0
img_1189.jpeg,0
img_1190.jpeg,0
img_1191.jpeg,0
img_1192.jpeg,0
img_1193.jpeg,0
img_1194.jpeg,0
img_1195.jpeg,0
img_1196.jpeg,0
img_1197.jpeg,0
img_1198.jpeg,0
img_1199.jpeg,0
img_1200.jpeg,0
img_1201.jpeg,0
img_1202.jpeg,0
img_1203.jpeg,0
img_1204.jpeg,0
img_1205.jpeg,0
img_1206.jpeg,0
img_1207.jpeg,0
img_1208.jpeg,0
img_1209.jpeg,0
img_1210.jpeg,0
img_1211.jpeg,0
img_1212.jpeg,0
img_1213.jpeg,0
img_1214.jpeg,0
img_1215.jpeg,0
img_1216.jpeg,0
img_1217.jpeg,0
img_1218.jpeg,0
img_1219.jpeg,0
img_1220.jpeg,0
img_1221.jpeg,0
img_1222.jpeg,0
img_1223.jpeg,0
img_1224.jpeg,0
img_1225.jpeg,0
img_1226.jpeg,0
img_1227.jpeg,0
img_1228.jpeg,0
img_1229.jpeg,0
img_1230.jpeg,0
img_1231.jpeg,0
img_1232.jpeg,0
img_1233.jpeg,0
img_1234.jpeg,0
img_1235.jpeg,0
img_1236.jpeg,0
img_1237.jpeg,0
img_1238.jpeg,0
img_1239.jpeg,0
img_1240.jpeg,0
img_1241.jpeg,0
img_1242.jpeg,0
img_1243.jpeg,0
img_1244.jpeg,0
img_1245.jpeg,0
img_1246.jpeg,0
img_1247.jpeg,0
img_1248.jpeg,0
img_1249.jpeg,0
img_1250.jpeg,0
img_1251.jpeg,0
img_1252.jpeg,0
img_1253.jpeg,0
img_1254.jpeg,0
img_1255.jpeg,0
img_1256.jpeg,0
img_1257.jpeg,0
img_1258.jpeg,0
img_1259.jpeg,0
img_1260.jpeg,0
img_1261.jpeg,0
img_1262.jpeg,0
img_1263.jpeg,0
img_1264.jpeg,0
img_1265.jpeg,0
img_1266.jpeg,0
img_1267.jpeg,0
img_1268.jpeg,0
img_1269.jpeg,0
img_1270.jpeg,0
img_1271.jpeg,0
img_1272.jpeg,0
img_1273.jpeg,0
img_1274.jpeg,0
img_1275.jpeg,0
img_1276.jpeg,0
img_1277.jpeg,0
img_1278.jpeg,0
img_1279.jpeg,0
img_1280.jpeg,0
img_1281.jpeg,0
img_1282.jpeg,0
img_1283.jpeg,0
img_1284.jpeg,0
img_1285.jpeg,0
img_1286.jpeg,0
img_1287.jpeg,0
img_1288.jpeg,0
img_1289.jpeg,0
img_1290.jpeg,0
img_1291.jpeg,0
img_1292.jpeg,0
img_1293.jpeg,0
img_1294.jpeg,0
img_1295.jpeg,0
img_1296.jpeg,0
img_1297.jpeg,0
img_1298.jpeg,0
img_1299.jpeg,0
img_1300.jpeg,0
img_1301.jpeg,0
img_1302.jpeg,0
img_1303.jpeg,0
img_1304.jpeg,0
img_1305.jpeg,0
img_1306.jpeg,0
img_1307.jpeg,0
img_1308.jpeg,0
img_1309.jpeg,0
img_1310.jpeg,0
img_1311.jpeg,0
img_1312.jpeg,0
img_1313.jpeg,0
img_1314.jpeg,0
img_1315.jpeg,0
img_1316.jpeg,0
img_1317.jpeg,0
img_1318.jpeg,0
img_1319.jpeg,0
img_1320.jpeg,0
img_1321.jpeg,0
img_1322.jpeg,0
img_1323.jpeg,0
img_1324.jpeg,0
img_1325.jpeg,0
img_1326.jpeg,0
img_1327.jpeg,0
img_1328.jpeg,0
img_1329.jpeg,0
img_1330.jpeg,0
img_1331.jpeg,0
img_1332.jpeg,0
img_1333.jpeg,0
img_1334.jpeg,0
img_1335.jpeg,0
img_1336.jpeg,0
img_1337.jpeg,0
img_1338.jpeg,0
img_1339.jpeg,0
img_1340.jpeg,0
img_1341.jpeg,0
img_1342.jpeg,0
img_1343.jpeg,0
img_1344.jpeg,0
img_1345.jpeg,0
img_1346.jpeg,0
img_1347.jpeg,0
img_1348.jpeg,0
img_1349.jpeg,0
img_1350.jpeg,0
img_1351.jpeg,0
img_1352.jpeg,0
img_1353.jpeg,0
img_1354.jpeg,0
img_1355.jpeg,0
img_1356.jpeg,0
img_1357.jpeg,0
img_1358.jpeg,0
img_1359.jpeg,0
img_1360.jpeg,0
img_1361.jpeg,0
img_1362.jpeg,0
img_1363.jpeg,0
img_1364.jpeg,0
img_1365.jpeg,0
img_1366.jpeg,0
img_1367.jpeg,0
img_1368.jpeg,0
img_1369.jpeg,0
img_1370.jpeg,0
img_1371.jpeg,0
img_1372.jpeg,0
img_1373.jpeg,0
img_1374.jpeg,0
img_1375.jpeg,0
img_1376.jpeg,0
img_1377.jpeg,0
img_1378.jpeg,0
img_1379.jpeg,0
img_1380.jpeg,0
img_1381.jpeg,0
img_1382.jpeg,0
img_1383.jpeg,0
img_1384.jpeg,0
img_1385.jpeg,0
img_1386.jpeg,0
img_1387.jpeg,0
img_1388.jpeg,0
img_1389.jpeg,0
img_1390.jpeg,0
img_1391.jpeg,0
img_1392.jpeg,0
img_1393.jpeg,0
img_1394.jpeg,0
img_1395.jpeg,0
img_1396.jpeg,0
img_1397.jpeg,0
img_1398.jpeg,0
img_1399.jpeg,0
img_1400.jpeg,0
img_1401.jpeg,0
img_1402.jpeg,0
img_1403.jpeg,0
img_1404.jpeg,0
img_1405.jpeg,0
img_1406.jpeg,0
img_1407.jpeg,0
img_1408.jpeg,0
img_1409.jpeg,0
img_1410.jpeg,0
img_1411.jpeg,0
img_1412.jpeg,0
img_1413.jpeg,0
img_1414.jpeg,0
img_1415.jpeg,0
img_1416.jpeg,0
img_1417.jpeg,0
img_1418.jpeg,0
img_1419.jpeg,0
img_1420.jpeg,0
img_1421.jpeg,0
img_1422.jpeg,0
img_1423.jpeg,0
img_1424.jpeg,0
img_1425.jpeg,0
img_1426.jpeg,0
img_1427.jpeg,0
img_1428.jpeg,0
img_1429.jpeg,0
img_1430.jpeg,0
img_1431.jpeg,0
img_1432.jpeg,0
img_1433.jpeg,0
img_1434.jpeg,0
img_1435.jpeg,0
img_1436.jpeg,0
img_1437.jpeg,0
img_1438.jpeg,0
img_1439.jpeg,0
img_1440.jpeg,0
img_1441.jpeg,0
img_1442.jpeg,0
img_1443.jpeg,0
img_1444.jpeg,0
img_1445.jpeg,0
img_1446.jpeg,0
img_1447.jpeg,0
img_1448.jpeg,0
img_1449.jpeg,0
img_1450.jpeg,0
img_1451.jpeg,0
img_1452.jpeg,0
img_1453.jpeg,0
img_1454.jpeg,0
img_1455.jpeg,0
img_1456.jpeg,0
img_1457.jpeg,0
img_1458.jpeg,0
img_1459.jpeg,0
img_1460.jpeg,0
img_1461.jpeg,0
img_1462.jpeg,0
img_1463.jpeg,0
img_1464.jpeg,0
img_1465.jpeg,0
img_1466.jpeg,0
img_1467.jpeg,0
img_1468.jpeg,0
img_1469.jpeg,0
img_1470.jpeg,0
img_1471.jpeg,0
img_1472.jpeg,0
img_1473.jpeg,0
img_1474.jpeg,0
img_1475.jpeg,0
img_1476.jpeg,0
img_1477.jpeg,0
img_1478.jpeg,0
img_1479.jpeg,0
img_1480.jpeg,0
img_1481.jpeg,0
img_1482.jpeg,0
img_1483.jpeg,0
img_1484.jpeg,0
img_1485.jpeg,0
img_1486.jpeg,0
img_1487.jpeg,0
img_1488.jpeg,0
img_1489.jpeg,0
img_1490.jpeg,0
img_1491.jpeg,0
img_1492.jpeg,0
img_1493.jpeg,0
img_1494.jpeg,0
img_1495.jpeg,0
img_1496.jpeg,0
img_1497.jpeg,0
img_1498.jpeg,0
img_1499.jpeg,0
img_1500.jpeg,0
img_1501.jpeg,0
img_1502.jpeg,0
img_1503.jpeg,0
img_1504.jpeg,0
img_1505.jpeg,0
img_1506.jpeg,0
img_1507.jpeg,0
img_1508.jpeg,0
img_1509.jpeg,0
img_1510.jpeg,0
img_1511.jpeg,0
img_1512.jpeg,0
img_1513.jpeg,0
img_1514.jpeg,0
img_1515.jpeg,0
img_1516.jpeg,0
img_1517.jpeg,0
img_1518.jpeg,0
img_1519.jpeg,0
img_1520.jpeg,0
img_1521.jpeg,0
img_1522.jpeg,0
img_1523.jpeg,0
img_1524.jpeg,0
img_1525.jpeg,0
img_1526.jpeg,0
img_1527.jpeg,0
img_1528.jpeg,0
img_1529.jpeg,0
img_1530.jpeg,0
img_1531.jpeg,0
img_1532.jpeg,0
img_1533.jpeg,0
img_1534.jpeg,0
img_1535.jpeg,0
img_1536.jpeg,0
img_1537.jpeg,0
img_1538.jpeg,0
img_1539.jpeg,0
img_1540.jpeg,0
img_1541.jpeg,0
img_1542.jpeg,0
img_1543.jpeg,0
img_1544.jpeg,0
img_1545.jpeg,0
img_1546.jpeg,0
img_1547.jpeg,0
img_1548.jpeg,0
img_1549.jpeg,0
img_1550.jpeg,0
img_1551.jpeg,0
img_1552.jpeg,0
